epoch,time,train/box_loss,train/cls_loss,train/dfl_loss,metrics/precision(B),metrics/recall(B),metrics/mAP50(B),metrics/mAP50-95(B),val/box_loss,val/cls_loss,val/dfl_loss,lr/pg0,lr/pg1,lr/pg2
1,11.9579,3.24456,13.4778,0.01691,0,0,0,0,2.60364,8.60597,0.01429,0.00013,0.00013,0.00013
2,14.4129,3.12554,11.5145,0.01594,0,0,0,0,2.59062,8.60016,0.01419,0.000268663,0.000268663,0.000268663
3,16.9786,2.84135,10.5453,0.01474,0,0,0,0,2.58858,8.60104,0.0142,0.000405941,0.000405941,0.000405941
4,19.4608,2.70517,9.6105,0.01372,0,0,0,0,2.59411,8.61268,0.01424,0.000541832,0.000541832,0.000541832
5,22.0487,2.52673,9.44109,0.01235,0,0,0,0,2.59939,7.15105,0.01425,0.000676338,0.000676338,0.000676338
6,24.9222,2.44038,8.83162,0.01201,0,0,0,0,2.60566,5.61473,0.01428,0.000809458,0.000809458,0.000809458
7,27.6908,2.25989,8.15346,0.0106,0,0,0,0,2.61152,4.28689,0.01435,0.000941191,0.000941191,0.000941191
8,30.2817,2.30017,7.78621,0.01028,0,0,0,0,2.60296,4.0493,0.01425,0.00096535,0.00096535,0.00096535
9,33.0244,2.28035,7.2591,0.01034,0,0,0,0,2.56349,4.06603,0.01397,0.0009604,0.0009604,0.0009604
10,35.7697,2.23815,6.67041,0.0099,0.00167,0.16936,0.01591,0.00724,2.24343,3.83933,0.01171,0.00095545,0.00095545,0.00095545
11,38.6381,2.09805,6.57175,0.00969,0.00319,0.50114,0.06779,0.02399,2.13587,3.46906,0.01112,0.0009505,0.0009505,0.0009505
12,41.6734,2.1788,5.91184,0.00942,0.28227,0.09474,0.09988,0.0426,2.09535,3.09155,0.01081,0.00094555,0.00094555,0.00094555
13,45.1756,2.07882,5.86453,0.00947,0.32208,0.06478,0.11615,0.04171,2.0429,3.08263,0.0105,0.0009406,0.0009406,0.0009406
14,48.4016,2.03522,5.49102,0.00923,0.16118,0.14882,0.1728,0.07522,1.76955,2.80041,0.00914,0.00093565,0.00093565,0.00093565
15,50.9459,1.98092,5.35521,0.00919,0.33883,0.15569,0.21979,0.09075,1.89423,2.63392,0.00988,0.0009307,0.0009307,0.0009307
16,53.556,2.02521,4.98845,0.00955,0.22343,0.38103,0.21492,0.08462,1.95926,2.63273,0.01008,0.00092575,0.00092575,0.00092575
17,56.0727,1.93264,4.99881,0.00867,0.22382,0.19248,0.20551,0.07617,1.89658,2.55563,0.00986,0.0009208,0.0009208,0.0009208
18,58.5248,1.98881,4.59436,0.00904,0.2945,0.35299,0.28942,0.12569,1.81715,2.35883,0.00968,0.00091585,0.00091585,0.00091585
19,60.9226,1.98443,4.27913,0.00884,0.2937,0.27488,0.27576,0.12227,1.7331,2.35749,0.00893,0.0009109,0.0009109,0.0009109
20,63.3163,1.91003,4.05692,0.00895,0.30602,0.43123,0.3166,0.14663,1.71987,2.16327,0.00914,0.00090595,0.00090595,0.00090595
21,65.6807,1.87821,3.91643,0.00824,0.35658,0.37393,0.32145,0.15945,1.67791,2.10121,0.00856,0.000901,0.000901,0.000901
22,68.1524,1.80903,3.68305,0.00797,0.30266,0.49424,0.32484,0.16765,1.63309,2.02612,0.00834,0.00089605,0.00089605,0.00089605
23,70.5624,1.74923,3.69287,0.00789,0.24842,0.53479,0.30029,0.1616,1.57969,2.13315,0.00792,0.0008911,0.0008911,0.0008911
24,73.0083,1.79934,3.5574,0.0084,0.36849,0.48117,0.373,0.17466,1.72731,1.88379,0.00854,0.00088615,0.00088615,0.00088615
25,75.3748,1.80606,3.28706,0.00798,0.31758,0.46986,0.34883,0.17786,1.58766,1.8525,0.00784,0.0008812,0.0008812,0.0008812
26,77.8486,1.79166,3.26708,0.00774,0.32416,0.43347,0.36649,0.19167,1.49147,1.94945,0.00738,0.00087625,0.00087625,0.00087625
27,80.3719,1.69696,3.16317,0.00747,0.3159,0.47308,0.39003,0.20734,1.54494,1.99302,0.00769,0.0008713,0.0008713,0.0008713
28,82.9512,1.68083,3.00569,0.00796,0.40799,0.55739,0.44684,0.24007,1.5119,1.73125,0.00749,0.00086635,0.00086635,0.00086635
29,85.4983,1.79525,2.85563,0.00826,0.40253,0.42893,0.46273,0.24154,1.63862,1.84858,0.00803,0.0008614,0.0008614,0.0008614
30,88.1716,1.75121,2.73222,0.00752,0.3754,0.52663,0.37802,0.20031,1.54734,1.79358,0.00749,0.00085645,0.00085645,0.00085645
31,90.9278,1.69413,2.79453,0.00766,0.36493,0.50932,0.45802,0.25841,1.42739,1.72151,0.0068,0.0008515,0.0008515,0.0008515
32,93.56,1.76124,2.67541,0.00735,0.43217,0.5198,0.5139,0.26378,1.572,1.74578,0.00766,0.00084655,0.00084655,0.00084655
33,96.163,1.77769,2.67587,0.00821,0.48303,0.48296,0.50386,0.25879,1.53874,1.75996,0.00751,0.0008416,0.0008416,0.0008416
34,98.6764,1.66464,2.59632,0.00745,0.3858,0.5348,0.49128,0.26009,1.44971,1.63161,0.00705,0.00083665,0.00083665,0.00083665
35,101.222,1.597,2.456,0.00668,0.39286,0.48917,0.46913,0.24967,1.48532,1.70116,0.00726,0.0008317,0.0008317,0.0008317
36,104.033,1.62897,2.47208,0.00684,0.40795,0.49829,0.46119,0.2364,1.47868,1.74829,0.0072,0.00082675,0.00082675,0.00082675
37,107.347,1.66565,2.42643,0.00699,0.38734,0.68893,0.4894,0.26567,1.44332,1.63803,0.00711,0.0008218,0.0008218,0.0008218
38,110.051,1.67645,2.28938,0.00725,0.34781,0.63764,0.47618,0.25514,1.55625,1.6461,0.00759,0.00081685,0.00081685,0.00081685
39,112.522,1.5916,2.28755,0.00695,0.38409,0.6059,0.4849,0.28197,1.39677,1.55763,0.00673,0.0008119,0.0008119,0.0008119
40,115.052,1.60739,2.3129,0.00735,0.4122,0.65563,0.50862,0.26555,1.43105,1.57767,0.00672,0.00080695,0.00080695,0.00080695
41,117.516,1.56503,2.20355,0.0067,0.43076,0.5303,0.51594,0.27234,1.47407,1.57425,0.00742,0.000802,0.000802,0.000802
42,120.21,1.63103,2.10562,0.00689,0.41915,0.58946,0.48771,0.27099,1.46444,1.62075,0.00697,0.00079705,0.00079705,0.00079705
43,122.962,1.6477,2.19193,0.00761,0.39002,0.57632,0.50297,0.28242,1.3872,1.60034,0.00655,0.0007921,0.0007921,0.0007921
44,126.309,1.62554,2.07339,0.00704,0.44296,0.60995,0.53408,0.31335,1.44333,1.48328,0.00678,0.00078715,0.00078715,0.00078715
45,129.187,1.53681,2.06104,0.00693,0.47152,0.59155,0.55239,0.32761,1.3578,1.57934,0.00644,0.0007822,0.0007822,0.0007822
46,132.51,1.55187,2.0066,0.00672,0.39517,0.67879,0.5466,0.31794,1.35801,1.49727,0.00645,0.00077725,0.00077725,0.00077725
47,136.131,1.56337,1.99542,0.00702,0.43123,0.67183,0.5832,0.37142,1.26166,1.36723,0.00595,0.0007723,0.0007723,0.0007723
48,139.949,1.47493,1.94993,0.00653,0.44727,0.64543,0.58994,0.34164,1.38913,1.36847,0.00658,0.00076735,0.00076735,0.00076735
49,142.752,1.58821,2.01058,0.00669,0.47064,0.59136,0.57195,0.31536,1.40599,1.48175,0.00651,0.0007624,0.0007624,0.0007624
50,145.388,1.50614,1.90925,0.00655,0.44399,0.64426,0.61424,0.33189,1.46109,1.39619,0.00712,0.00075745,0.00075745,0.00075745
51,147.924,1.56734,1.84049,0.00685,0.44614,0.77078,0.64234,0.37266,1.40717,1.33607,0.00681,0.0007525,0.0007525,0.0007525
52,150.446,1.51577,1.86248,0.00662,0.54154,0.70222,0.63313,0.38751,1.40903,1.2642,0.00673,0.00074755,0.00074755,0.00074755
53,152.887,1.51705,1.80179,0.00626,0.598,0.58416,0.65578,0.39885,1.28874,1.28183,0.0061,0.0007426,0.0007426,0.0007426
54,155.477,1.59696,1.81108,0.00663,0.54544,0.63864,0.64668,0.38221,1.35537,1.26388,0.00649,0.00073765,0.00073765,0.00073765
55,158.028,1.55703,1.77116,0.00685,0.51386,0.66694,0.65117,0.40017,1.33831,1.24565,0.00645,0.0007327,0.0007327,0.0007327
56,160.608,1.56851,1.78963,0.00668,0.50301,0.66194,0.63725,0.36797,1.4364,1.37584,0.00706,0.00072775,0.00072775,0.00072775
57,163.111,1.60596,1.79142,0.0072,0.48685,0.67181,0.60632,0.35577,1.40881,1.33579,0.00691,0.0007228,0.0007228,0.0007228
58,165.638,1.50963,1.67615,0.00627,0.58038,0.59009,0.64062,0.38053,1.32945,1.33388,0.00627,0.00071785,0.00071785,0.00071785
59,169.111,1.56411,1.68315,0.00638,0.55067,0.64196,0.64706,0.38339,1.33376,1.36458,0.00615,0.0007129,0.0007129,0.0007129
60,172.038,1.54122,1.69218,0.00649,0.55222,0.68178,0.68205,0.38291,1.37421,1.29631,0.00639,0.00070795,0.00070795,0.00070795
61,174.641,1.50217,1.63064,0.00621,0.57887,0.75375,0.69414,0.42419,1.24682,1.18455,0.00566,0.000703,0.000703,0.000703
62,177.394,1.52879,1.61205,0.00649,0.67827,0.69144,0.73243,0.43858,1.32519,1.16102,0.00638,0.00069805,0.00069805,0.00069805
63,180.003,1.53326,1.55075,0.00664,0.67815,0.71947,0.74245,0.4661,1.28971,1.11134,0.00615,0.0006931,0.0006931,0.0006931
64,182.738,1.45601,1.53287,0.00584,0.67673,0.64087,0.73589,0.45562,1.34161,1.15425,0.00606,0.00068815,0.00068815,0.00068815
65,185.404,1.48439,1.44464,0.00611,0.57905,0.79337,0.71686,0.45267,1.25246,1.15635,0.00592,0.0006832,0.0006832,0.0006832
66,188.065,1.44897,1.51912,0.00612,0.59228,0.75913,0.72409,0.44654,1.29754,1.1599,0.00617,0.00067825,0.00067825,0.00067825
67,190.73,1.48962,1.5326,0.00632,0.72478,0.70061,0.74875,0.43645,1.3892,1.12048,0.00644,0.0006733,0.0006733,0.0006733
68,193.398,1.39651,1.36336,0.00565,0.63032,0.71963,0.75742,0.48246,1.23729,1.1145,0.00576,0.00066835,0.00066835,0.00066835
69,196.018,1.45259,1.38839,0.0063,0.61684,0.82061,0.77315,0.48161,1.30514,1.0465,0.00607,0.0006634,0.0006634,0.0006634
70,198.661,1.40379,1.41723,0.0058,0.60383,0.7731,0.77185,0.48783,1.32839,1.05192,0.00619,0.00065845,0.00065845,0.00065845
71,201.323,1.40321,1.30308,0.00588,0.67475,0.80889,0.79337,0.49257,1.28496,1.06321,0.00591,0.0006535,0.0006535,0.0006535
72,203.995,1.44174,1.4603,0.00598,0.68631,0.69651,0.755,0.48009,1.3101,1.07106,0.00598,0.00064855,0.00064855,0.00064855
73,206.603,1.48689,1.40617,0.00627,0.69113,0.68887,0.76639,0.47887,1.34911,1.07724,0.00624,0.0006436,0.0006436,0.0006436
74,209.378,1.55761,1.39946,0.00606,0.70583,0.7458,0.79255,0.49369,1.28424,1.05104,0.00588,0.00063865,0.00063865,0.00063865
75,212.013,1.43551,1.31873,0.00591,0.68561,0.73545,0.78927,0.4752,1.35369,1.04306,0.00632,0.0006337,0.0006337,0.0006337
76,214.719,1.43171,1.29011,0.00562,0.64448,0.72505,0.7716,0.47161,1.30376,1.15409,0.00616,0.00062875,0.00062875,0.00062875
77,217.315,1.41205,1.35641,0.00612,0.64395,0.79879,0.76831,0.45955,1.38179,1.08185,0.00661,0.0006238,0.0006238,0.0006238
78,219.997,1.47812,1.41622,0.00629,0.72549,0.77435,0.81029,0.47303,1.4256,1.05058,0.00704,0.00061885,0.00061885,0.00061885
79,222.564,1.43708,1.30769,0.00596,0.72374,0.76436,0.81444,0.48895,1.37866,1.01494,0.00667,0.0006139,0.0006139,0.0006139
80,225.213,1.48621,1.31702,0.00641,0.73105,0.78263,0.82425,0.52536,1.28054,1.01669,0.00596,0.00060895,0.00060895,0.00060895
81,227.879,1.45212,1.26423,0.00614,0.69389,0.79946,0.79699,0.46684,1.37445,1.04936,0.00629,0.000604,0.000604,0.000604
82,230.593,1.46684,1.26762,0.00593,0.79101,0.73203,0.81622,0.51033,1.28563,0.9533,0.0059,0.00059905,0.00059905,0.00059905
83,233.237,1.42489,1.28174,0.00597,0.74085,0.79036,0.81451,0.52211,1.24758,0.96111,0.00564,0.0005941,0.0005941,0.0005941
84,236.016,1.41021,1.18432,0.00598,0.6796,0.85095,0.81862,0.50725,1.36098,0.93428,0.00638,0.00058915,0.00058915,0.00058915
85,238.626,1.37106,1.26022,0.00567,0.69121,0.81582,0.8198,0.51323,1.34826,0.87335,0.00649,0.0005842,0.0005842,0.0005842
86,241.313,1.40657,1.24882,0.00604,0.71862,0.75908,0.80226,0.49178,1.32549,0.94567,0.00632,0.00057925,0.00057925,0.00057925
87,243.905,1.35891,1.17023,0.00566,0.72352,0.77725,0.8019,0.47965,1.36453,0.9872,0.0065,0.0005743,0.0005743,0.0005743
88,246.544,1.39156,1.18696,0.00623,0.71959,0.75024,0.81494,0.52795,1.28722,0.95535,0.00605,0.00056935,0.00056935,0.00056935
89,249.195,1.45164,1.23318,0.00644,0.749,0.80348,0.83476,0.5271,1.32131,0.94991,0.00636,0.0005644,0.0005644,0.0005644
90,251.831,1.40815,1.22504,0.00601,0.73051,0.76353,0.80458,0.47371,1.3824,0.98708,0.00642,0.00055945,0.00055945,0.00055945
91,254.52,1.34315,1.11245,0.00545,0.65028,0.85071,0.78925,0.48509,1.30893,1.10231,0.00604,0.0005545,0.0005545,0.0005545
92,257.126,1.42136,1.2545,0.0062,0.71547,0.83356,0.84426,0.51616,1.36647,0.96218,0.00655,0.00054955,0.00054955,0.00054955
93,259.676,1.38716,1.12217,0.00561,0.74703,0.78644,0.84181,0.49964,1.38864,0.96074,0.00635,0.0005446,0.0005446,0.0005446
94,262.369,1.38366,1.18559,0.00581,0.72877,0.83941,0.84132,0.55281,1.21919,0.94865,0.0056,0.00053965,0.00053965,0.00053965
95,265.006,1.44811,1.18931,0.00592,0.78138,0.83936,0.86279,0.53611,1.34694,0.87315,0.00618,0.0005347,0.0005347,0.0005347
96,267.702,1.37639,1.12604,0.00527,0.80839,0.82055,0.85198,0.55084,1.26227,0.90297,0.00567,0.00052975,0.00052975,0.00052975
97,270.447,1.3068,1.15294,0.0055,0.7089,0.84294,0.8463,0.5583,1.23795,0.90398,0.0056,0.0005248,0.0005248,0.0005248
98,273.254,1.39699,1.18507,0.00598,0.75809,0.78949,0.83197,0.54778,1.26047,0.88145,0.0057,0.00051985,0.00051985,0.00051985
99,275.904,1.29683,1.03724,0.0053,0.71407,0.75124,0.83326,0.52508,1.3337,0.89834,0.00598,0.0005149,0.0005149,0.0005149
100,278.566,1.3839,1.17498,0.00603,0.74494,0.83355,0.85569,0.55459,1.23598,0.89547,0.00553,0.00050995,0.00050995,0.00050995
101,281.171,1.37834,1.10742,0.00564,0.81964,0.79297,0.87218,0.56344,1.30249,0.84457,0.00591,0.000505,0.000505,0.000505
102,283.871,1.35071,1.09169,0.00557,0.82844,0.83304,0.85612,0.55707,1.24825,0.81743,0.00566,0.00050005,0.00050005,0.00050005
103,286.45,1.407,1.11706,0.00623,0.77342,0.83773,0.8664,0.56471,1.29723,0.82359,0.00609,0.0004951,0.0004951,0.0004951
104,289.214,1.36625,1.09264,0.00573,0.75754,0.83256,0.87006,0.57641,1.23196,0.80938,0.00559,0.00049015,0.00049015,0.00049015
105,291.964,1.36059,1.09311,0.00561,0.80247,0.76601,0.86024,0.55986,1.2775,0.84374,0.0058,0.0004852,0.0004852,0.0004852
106,294.799,1.402,1.04944,0.00598,0.84054,0.74596,0.84418,0.53142,1.36647,0.91244,0.00627,0.00048025,0.00048025,0.00048025
107,297.446,1.37113,1.03899,0.00569,0.82035,0.79871,0.86356,0.52183,1.35191,0.91966,0.0062,0.0004753,0.0004753,0.0004753
108,300.096,1.33815,1.03384,0.00517,0.81233,0.8095,0.86753,0.55679,1.29886,0.87319,0.00626,0.00047035,0.00047035,0.00047035
109,302.701,1.30649,1.01555,0.00537,0.72854,0.83908,0.84175,0.54338,1.31649,0.98125,0.00631,0.0004654,0.0004654,0.0004654
110,305.382,1.36472,0.96019,0.00569,0.82388,0.87303,0.88402,0.57773,1.25731,0.79645,0.0059,0.00046045,0.00046045,0.00046045
111,307.956,1.30539,0.98267,0.00533,0.78165,0.88253,0.86928,0.54572,1.30263,0.84039,0.00598,0.0004555,0.0004555,0.0004555
112,310.636,1.33642,1.00447,0.00543,0.75312,0.83404,0.86515,0.56053,1.25788,0.83186,0.00584,0.00045055,0.00045055,0.00045055
113,313.222,1.33716,1.0236,0.00578,0.82806,0.81415,0.86445,0.54686,1.31853,0.87167,0.00614,0.0004456,0.0004456,0.0004456
114,315.841,1.32896,0.9764,0.00543,0.80058,0.85897,0.85748,0.55304,1.30109,0.84034,0.00616,0.00044065,0.00044065,0.00044065
115,318.564,1.33092,0.98439,0.00553,0.74655,0.87827,0.86117,0.55919,1.29122,0.78604,0.00599,0.0004357,0.0004357,0.0004357
116,321.261,1.42165,1.03615,0.00596,0.81083,0.86942,0.87841,0.55943,1.25514,0.80279,0.00557,0.00043075,0.00043075,0.00043075
117,323.903,1.33388,0.96582,0.00507,0.81247,0.8309,0.87738,0.56466,1.27884,0.84105,0.0058,0.0004258,0.0004258,0.0004258
118,326.519,1.28447,0.94145,0.00503,0.78705,0.82149,0.85942,0.56741,1.2208,0.8308,0.00548,0.00042085,0.00042085,0.00042085
119,329.087,1.40295,1.05637,0.00586,0.75823,0.85234,0.87922,0.56767,1.2422,0.83612,0.00557,0.0004159,0.0004159,0.0004159
120,331.717,1.39285,1.01338,0.00569,0.83632,0.74072,0.87486,0.55515,1.27003,0.80464,0.00571,0.00041095,0.00041095,0.00041095
121,334.451,1.33651,1.03754,0.00618,0.77993,0.85438,0.87076,0.5515,1.31033,0.87581,0.00594,0.000406,0.000406,0.000406
122,337.085,1.37905,0.97683,0.00588,0.79988,0.87311,0.89441,0.56708,1.29429,0.83053,0.00594,0.00040105,0.00040105,0.00040105
123,339.66,1.3704,0.99315,0.00584,0.80998,0.84803,0.89178,0.57396,1.27694,0.78384,0.00578,0.0003961,0.0003961,0.0003961
124,342.363,1.33146,0.98454,0.0056,0.79291,0.8619,0.89957,0.5859,1.2486,0.71834,0.00571,0.00039115,0.00039115,0.00039115
125,345.075,1.29901,0.96923,0.00486,0.79015,0.88195,0.89264,0.55981,1.28674,0.76443,0.00593,0.0003862,0.0003862,0.0003862
126,347.715,1.33064,0.97845,0.0052,0.75424,0.87087,0.88094,0.55621,1.29153,0.8411,0.00585,0.00038125,0.00038125,0.00038125
127,350.355,1.35262,1.05795,0.00591,0.85174,0.76933,0.87026,0.56625,1.23515,0.80973,0.00567,0.0003763,0.0003763,0.0003763
128,352.946,1.37445,0.98994,0.00581,0.77278,0.82828,0.86911,0.54263,1.32176,0.81487,0.00607,0.00037135,0.00037135,0.00037135
129,355.492,1.29761,0.92364,0.00516,0.80167,0.89056,0.87647,0.55363,1.3063,0.8708,0.00594,0.0003664,0.0003664,0.0003664
130,358.147,1.29159,0.98682,0.0054,0.78202,0.87928,0.88681,0.58072,1.24516,0.77796,0.00579,0.00036145,0.00036145,0.00036145
131,360.735,1.27561,0.95043,0.00489,0.7928,0.8398,0.88121,0.56355,1.29941,0.78728,0.00592,0.0003565,0.0003565,0.0003565
132,363.353,1.32585,1.00574,0.00532,0.79047,0.80999,0.86261,0.56043,1.23029,0.81712,0.0056,0.00035155,0.00035155,0.00035155
133,366.022,1.32368,0.93373,0.00543,0.85002,0.80739,0.87881,0.58431,1.21683,0.7742,0.00558,0.0003466,0.0003466,0.0003466
134,368.672,1.27457,0.90171,0.00501,0.82908,0.83253,0.9011,0.59339,1.24345,0.76241,0.00563,0.00034165,0.00034165,0.00034165
135,371.363,1.31657,0.94195,0.00544,0.86284,0.77952,0.89552,0.57415,1.30313,0.78251,0.00598,0.0003367,0.0003367,0.0003367
136,374.182,1.31039,0.9693,0.00514,0.78032,0.87878,0.8875,0.58886,1.17886,0.77906,0.00533,0.00033175,0.00033175,0.00033175
137,376.857,1.25634,0.86828,0.00548,0.78587,0.88963,0.89176,0.58539,1.22588,0.80702,0.00562,0.0003268,0.0003268,0.0003268
138,380.214,1.31566,0.93991,0.00547,0.82154,0.83958,0.88658,0.57375,1.26884,0.79933,0.0059,0.00032185,0.00032185,0.00032185
139,382.899,1.29089,0.92888,0.00506,0.89182,0.82991,0.90132,0.58404,1.25022,0.75664,0.00583,0.0003169,0.0003169,0.0003169
140,385.564,1.30485,0.89579,0.00554,0.86089,0.85946,0.90223,0.58485,1.26637,0.77094,0.00597,0.00031195,0.00031195,0.00031195
141,388.189,1.27012,0.93975,0.00527,0.89414,0.80778,0.89652,0.58954,1.23598,0.77692,0.00565,0.000307,0.000307,0.000307
142,390.887,1.36081,0.94169,0.00563,0.82948,0.79497,0.88277,0.57056,1.24685,0.81043,0.00555,0.00030205,0.00030205,0.00030205
143,393.494,1.27804,0.89853,0.00528,0.81298,0.83606,0.88326,0.59021,1.22102,0.77423,0.00558,0.0002971,0.0002971,0.0002971
144,396.175,1.33705,0.91396,0.00537,0.83178,0.84679,0.89722,0.59958,1.23131,0.70707,0.00575,0.00029215,0.00029215,0.00029215
145,398.795,1.31546,0.94742,0.00524,0.83138,0.89509,0.89897,0.58861,1.21032,0.74389,0.00554,0.0002872,0.0002872,0.0002872
146,401.478,1.25707,0.87928,0.00512,0.86143,0.83901,0.90079,0.59921,1.21013,0.75856,0.00549,0.00028225,0.00028225,0.00028225
147,404.143,1.27167,0.92325,0.00543,0.87573,0.84145,0.90393,0.59634,1.20295,0.75474,0.00541,0.0002773,0.0002773,0.0002773
148,406.808,1.28241,0.89024,0.005,0.81516,0.85524,0.90566,0.60202,1.20741,0.7018,0.00544,0.00027235,0.00027235,0.00027235
149,409.449,1.26822,0.90572,0.00513,0.82433,0.84668,0.90436,0.59258,1.20744,0.72765,0.00539,0.0002674,0.0002674,0.0002674
150,412.132,1.30909,0.91096,0.00523,0.80239,0.89558,0.90212,0.5942,1.20283,0.74758,0.00537,0.00026245,0.00026245,0.00026245
151,414.755,1.26051,0.85667,0.00496,0.82303,0.84539,0.90825,0.60079,1.22753,0.72012,0.00557,0.0002575,0.0002575,0.0002575
152,417.479,1.32081,0.88752,0.00518,0.82166,0.86806,0.9035,0.58486,1.277,0.71689,0.00594,0.00025255,0.00025255,0.00025255
153,420.136,1.2609,0.89994,0.00545,0.82944,0.86592,0.9006,0.59041,1.20713,0.72331,0.00553,0.0002476,0.0002476,0.0002476
154,422.839,1.29329,0.87093,0.0052,0.85627,0.84424,0.90592,0.59478,1.20304,0.75825,0.00539,0.00024265,0.00024265,0.00024265
155,425.468,1.23528,0.86355,0.00507,0.78463,0.8716,0.9055,0.58625,1.20118,0.73866,0.00531,0.0002377,0.0002377,0.0002377
156,428.187,1.2343,0.87902,0.00514,0.78958,0.87535,0.90503,0.60112,1.17543,0.74618,0.00524,0.00023275,0.00023275,0.00023275
157,430.988,1.25059,0.85135,0.00485,0.84821,0.88153,0.91371,0.61164,1.17422,0.74401,0.00527,0.0002278,0.0002278,0.0002278
158,433.719,1.24258,0.82574,0.00514,0.81132,0.88699,0.90656,0.58935,1.20879,0.71573,0.00541,0.00022285,0.00022285,0.00022285
159,436.34,1.23977,0.83227,0.00496,0.8794,0.78657,0.90349,0.59684,1.18551,0.70814,0.00535,0.0002179,0.0002179,0.0002179
160,438.974,1.24432,0.83996,0.00502,0.85357,0.86114,0.90398,0.58348,1.2156,0.72948,0.00537,0.00021295,0.00021295,0.00021295
161,441.619,1.20551,0.77866,0.00456,0.87287,0.82497,0.90635,0.59109,1.22101,0.71677,0.00537,0.000208,0.000208,0.000208
162,444.246,1.20954,0.83337,0.00469,0.87555,0.82378,0.90279,0.60964,1.1404,0.73484,0.00508,0.00020305,0.00020305,0.00020305
163,446.91,1.24949,0.84666,0.00507,0.84937,0.81009,0.90463,0.60861,1.18673,0.74193,0.00536,0.0001981,0.0001981,0.0001981
164,449.603,1.22176,0.7832,0.00491,0.86332,0.80676,0.90749,0.60197,1.18235,0.7227,0.00521,0.00019315,0.00019315,0.00019315
165,452.281,1.24607,0.84546,0.00497,0.86839,0.82338,0.90804,0.58888,1.20408,0.74193,0.00528,0.0001882,0.0001882,0.0001882
166,454.97,1.2525,0.81992,0.00494,0.81402,0.88674,0.90809,0.61199,1.15108,0.71734,0.00513,0.00018325,0.00018325,0.00018325
167,457.696,1.2723,0.80921,0.00488,0.84178,0.85498,0.90565,0.60656,1.16312,0.72564,0.00522,0.0001783,0.0001783,0.0001783
168,460.377,1.23691,0.82395,0.00501,0.86125,0.84465,0.91581,0.61278,1.18087,0.73652,0.00528,0.00017335,0.00017335,0.00017335
169,463.077,1.23918,0.82291,0.005,0.85783,0.86405,0.91333,0.59728,1.20428,0.73701,0.00538,0.0001684,0.0001684,0.0001684
170,465.728,1.25583,0.85061,0.00499,0.81522,0.86278,0.91058,0.60757,1.16936,0.73418,0.00527,0.00016345,0.00016345,0.00016345
171,468.356,1.22963,0.86766,0.00495,0.81519,0.85572,0.89938,0.60451,1.16639,0.72571,0.00524,0.0001585,0.0001585,0.0001585
172,471.02,1.24297,0.8067,0.00477,0.78348,0.88235,0.90066,0.6026,1.15619,0.73087,0.00519,0.00015355,0.00015355,0.00015355
173,473.613,1.21792,0.78298,0.00509,0.86065,0.82393,0.89539,0.59661,1.16768,0.71909,0.00517,0.0001486,0.0001486,0.0001486
174,476.314,1.2568,0.80096,0.0051,0.84808,0.83041,0.89469,0.59772,1.15768,0.71651,0.00515,0.00014365,0.00014365,0.00014365
175,479.032,1.21494,0.81296,0.00486,0.81173,0.84882,0.89112,0.59182,1.16363,0.71589,0.00522,0.0001387,0.0001387,0.0001387
176,481.766,1.23654,0.82535,0.00495,0.78685,0.90221,0.89163,0.59504,1.17619,0.72247,0.00532,0.00013375,0.00013375,0.00013375
177,484.455,1.2033,0.86927,0.00499,0.7989,0.89653,0.89355,0.60005,1.16608,0.72206,0.00527,0.0001288,0.0001288,0.0001288
178,487.175,1.26353,0.82115,0.00478,0.80212,0.88801,0.90062,0.60263,1.17953,0.7162,0.00529,0.00012385,0.00012385,0.00012385
179,489.872,1.18691,0.80302,0.00458,0.80358,0.89611,0.90147,0.59883,1.16149,0.71445,0.00522,0.0001189,0.0001189,0.0001189
180,492.537,1.22102,0.87262,0.00517,0.81215,0.89763,0.90435,0.60714,1.15671,0.70163,0.00521,0.00011395,0.00011395,0.00011395
181,495.17,1.23158,0.8689,0.00498,0.79662,0.8839,0.90306,0.60439,1.14866,0.70187,0.00519,0.000109,0.000109,0.000109
182,497.781,1.24674,0.79902,0.00482,0.82411,0.87045,0.906,0.60997,1.16133,0.70283,0.00521,0.00010405,0.00010405,0.00010405
183,500.402,1.26232,0.81369,0.00497,0.83235,0.84076,0.90737,0.60927,1.18643,0.69941,0.00528,9.91e-05,9.91e-05,9.91e-05
184,503.118,1.19634,0.85487,0.00453,0.81951,0.86792,0.90705,0.60487,1.1717,0.69298,0.00524,9.415e-05,9.415e-05,9.415e-05
185,505.71,1.24605,0.86287,0.00529,0.81926,0.88997,0.9096,0.60428,1.16014,0.69527,0.00518,8.92e-05,8.92e-05,8.92e-05
186,508.483,1.29265,0.87064,0.00513,0.83336,0.87309,0.91098,0.60358,1.15895,0.69232,0.0052,8.425e-05,8.425e-05,8.425e-05
187,511.102,1.18698,0.7882,0.00481,0.81819,0.89997,0.91218,0.59905,1.1742,0.69396,0.00525,7.93e-05,7.93e-05,7.93e-05
188,513.799,1.18533,0.82685,0.00479,0.82481,0.89545,0.90668,0.60038,1.1831,0.69351,0.00529,7.435e-05,7.435e-05,7.435e-05
189,516.452,1.18623,0.79402,0.00476,0.81186,0.89981,0.90301,0.59968,1.18361,0.69461,0.0053,6.94e-05,6.94e-05,6.94e-05
190,519.14,1.23049,0.79684,0.00468,0.83932,0.87812,0.90842,0.60352,1.17912,0.68666,0.00527,6.445e-05,6.445e-05,6.445e-05
191,539.94,1.14789,0.69564,0.00575,0.83112,0.88561,0.90577,0.59798,1.19164,0.69386,0.0053,5.95e-05,5.95e-05,5.95e-05
192,542.745,1.15432,0.72252,0.00567,0.86527,0.87529,0.90772,0.59548,1.18798,0.6999,0.0053,5.455e-05,5.455e-05,5.455e-05
193,545.397,1.11028,0.70789,0.00523,0.8383,0.88366,0.90434,0.59438,1.21835,0.71077,0.00556,4.96e-05,4.96e-05,4.96e-05
194,548.119,1.13795,0.72928,0.00535,0.87951,0.84906,0.90714,0.59508,1.24172,0.71591,0.00569,4.465e-05,4.465e-05,4.465e-05
195,550.763,1.10477,0.69025,0.00533,0.87508,0.84163,0.90507,0.59607,1.22558,0.70924,0.0056,3.97e-05,3.97e-05,3.97e-05
196,553.427,1.129,0.69217,0.00558,0.87659,0.84512,0.90515,0.60422,1.19311,0.69253,0.00534,3.475e-05,3.475e-05,3.475e-05
197,556.098,1.06993,0.68365,0.00509,0.8785,0.85771,0.90658,0.60501,1.17522,0.69533,0.00524,2.98e-05,2.98e-05,2.98e-05
198,558.736,1.06952,0.64976,0.00506,0.87512,0.84552,0.90389,0.60755,1.18884,0.68215,0.0053,2.485e-05,2.485e-05,2.485e-05
199,561.356,1.08422,0.70834,0.00534,0.87933,0.82391,0.90605,0.60988,1.19741,0.67677,0.00534,1.99e-05,1.99e-05,1.99e-05
200,564.022,1.04716,0.66734,0.00499,0.87131,0.82432,0.90739,0.60796,1.1971,0.67824,0.00534,1.495e-05,1.495e-05,1.495e-05
